{
	"_settings" : {
		"defaultAlbedo" : "./albedo/default.png",
		"defaultEmissive" : "./emissiveMaskAlpha/default.png",
		"defaultHeight" : "./heightSmoothnessSpecularity/default.png",
		"defaultNormal" : "./normal/default.png",
		"fileExtension" : ".png",
		"folderAlbedo" : "./albedo/",
		"folderEmissive" : "./emissiveMaskAlpha/",
		"folderHeight" : "./heightSmoothnessSpecularity/",
		"folderNormal" : "./normal/"
	},
	"NACH0.Textures.PaintersTable": {
		"albedo": "PaintersTable",
		"normal": "PaintersTable"
	},
	"NACH0.Textures.PaintMixer": {
		"albedo": "PaintMixer",
		"normal": "PaintMixer"
	}
}